2021-12-28 15:14:10,2848621824,Web Development Intern - Remote and Unpaid,Snapbrillia,True,False
2021-12-28 15:14:42,2742625438,Account Executive US based-Remote,Mouseflow,True,False
2021-12-28 15:17:02,2854209536,Full Stack Engineer,Stout Systems,True,True
2021-12-28 15:17:31,2839672706,Blockchain Engineer,Jobot,True,True
2021-12-28 15:17:59,2783842306,Senior Blockchain Engineer - Smart Contract / Solidity,Austin Werner Ltd,True,False
2021-12-28 15:18:28,2857962257,Blockchain Developer,Mitchell Martin Inc.,True,True
2021-12-28 15:18:56,2828371863,Mobile and Web App Developer,"PetKey, LLC",True,False
2021-12-28 15:19:24,2851620638,REMOTE Senior Full Stack Blockchain Engineer,CyberCoders,True,True
2021-12-28 15:19:51,2749555109,Lead Blockchain Engineer,Concept Art House,True,False
2021-12-28 15:20:21,2844243494,Blockchain Engineer,Jobot,True,True
2021-12-28 15:20:46,2850735016,Junior/Mid Full Stack Engineer (Remote),CyberCoders,True,True
2021-12-28 15:21:16,2857660841,W2 Full Stack Developer,Insight Global,True,True
2021-12-28 15:21:46,2853281971,REMOTE Software Engineer (Full Stack),Jobot,True,True
2021-12-28 15:22:16,2852014775,Blockchain Engineer,Jobot,True,True
2021-12-28 15:22:44,2803964987,Blockchain Engineer (Node.js) - Global Fintech Startup,Crypto.com,True,False
2021-12-28 15:23:09,2852506820,"REMOTE Full-Stack C++Developer - HTML, JavaScript, SQL",CyberCoders,True,True
2021-12-28 15:23:34,2852506822,100% REMOTE Frontend Software Engineer,CyberCoders,True,True
2021-12-28 15:24:01,2856689735,Full Stack Developer,"Agility Consultants, LLC",True,False
2021-12-28 15:24:30,2853241163,Blockchain Engineer,Jobot,True,True
2021-12-28 15:24:58,2853271127,Blockchain Developer,NETRAID,True,False
2021-12-28 15:25:25,2850730209,100% Remote Full Stack Javascript Developer,CyberCoders,True,True
2021-12-28 15:25:54,2853694190,Full-Stack Developer,BAREL™,True,False
2021-12-28 15:37:24,2853633007,"REMOTE Full-Stack C++Developer - HTML, JavaScript, SQL",CyberCoders,True,True
2021-12-28 15:37:50,2840051827,Blockchain Engineer,Leyline,True,True
2021-12-28 15:38:21,2806683642,Sr. Blockchain Engineer,Sila,True,False
2021-12-28 15:38:51,2840215805,Blockchain Engineer,Jobot,True,True
2021-12-28 15:47:19,2823650917,Blockchain / Solidity Developer,Netvrk,False,False
2021-12-28 15:47:39,2829780454,Golang/Blockchain Engineer,Pastel Network,False,False
2021-12-28 15:47:53,2852085705,Blockchain Developer - Gaming,Jobot,False,False
2021-12-28 15:52:54,2837022740,Blockchain Developer,SkyeKiwi,False,False
2021-12-28 15:53:54,2845100985,Blockchain Developer,Manage Resources Recursos Humanos,True,False
2021-12-28 15:54:21,2853630395,"REMOTE Full-Stack C++Developer - HTML, JavaScript, SQL",CyberCoders,True,True
2021-12-28 15:54:47,2853626495,1) (100% Remote) Full Stack Software Engineer - C# / JavaScript,CyberCoders,True,True
2021-12-28 15:56:16,2847474947,Full Stack Engineer,Robert Half,True,True
2021-12-28 15:56:43,2852513036,REMOTE Full Stack Developer (160K),CyberCoders,True,True
2021-12-28 15:57:12,2853287181,"Full stack Software Engineer Golang, Javascript, Typescript",Jobot,True,True
2021-12-28 15:57:37,2851621517,REMOTE Full Stack Developer,CyberCoders,True,True
2021-12-28 15:58:03,2852561691,100% REMOTE Blockchain and Solidity Developers,CyberCoders,True,True
2021-12-28 15:58:30,2823003933,Full Stack Blockchain Engineer Web3 Architect,Gopher,True,False
2021-12-28 15:58:56,2853628334,"Blockchain Developer - 100% REMOTE - Node.js, REACT, Go",CyberCoders,True,True
2021-12-28 15:59:21,2852507568,REMOTE Full Stack Developer (160K),CyberCoders,True,True
2021-12-28 15:59:51,2837722806,Blockchain Engineer,Jobot,True,True
2021-12-28 16:00:21,2841819320,Full Stack Engineer,Robert Half,True,True
2021-12-28 16:00:52,2821960380,Solana Blockchain Developer,"IMX Health, LLC.",True,True
2021-12-28 16:01:19,2853626557,REMOTE Full Stack Developer,CyberCoders,True,True
2021-12-28 16:01:49,2837721921,Blockchain Engineer,Jobot,True,True
2021-12-28 16:14:49,2817656263,Blockchain Developer,Pedigrine,True,False
2021-12-28 16:15:19,2837725520,Blockchain Engineer,Jobot,True,True
2021-12-28 16:15:46,2852884433,"Full Stack Software Developer(Node.js, React)",Vaco,True,True
2021-12-28 16:16:13,2852564180,100% REMOTE- Full Stack Node.js Developer,CyberCoders,True,True
2021-12-28 16:16:47,2853686231,Full Stack Developer,National Processing,True,True
2021-12-28 16:17:13,2851620570,"Full Stack Engineer - JavaScript, REACT, NODE (REMOTE)",CyberCoders,True,True
2021-12-28 16:17:50,2796710505,Software Engineer (Fullstack) PPD,BST Global,True,True
2021-12-28 16:18:16,2850719980,Back-End Engineer - REMOTE,CyberCoders,True,True
2021-12-28 16:18:43,2852558702,Full Stack Engineer - Remote,CyberCoders,True,True
2021-12-28 16:19:13,2849856375,"Back End Developer, Remote",CoreTechs Direct,True,True
2021-12-28 16:19:39,2814227064,Full Stack Java/React developer,Perficient,True,True
2021-12-28 16:21:00,2852563203,00% REMOTE- Full Stack Node.js Developer,CyberCoders,True,True
2021-12-28 16:21:29,2850203278,Remote Fullstack Engineer,Jobot,True,True
2021-12-28 16:21:55,2814222865,Full Stack Java/React developer,Perficient,True,True
2021-12-28 16:22:22,2850442898,Full Stack Developer 21-14532,Genesis10,True,False
2021-12-28 16:22:56,2794277650,Blockchain Developer,Storm2,True,True
2021-12-28 16:23:22,2853632277,"REMOTE Web Developer - WordPress - HTML, CSS, JavaScript",CyberCoders,True,True
2021-12-28 16:29:05,2818872592,Sr. Software Engineer - Node,TEEMA,True,True
2021-12-28 16:29:19,2821143832,Associate Software Engineer,Independent Financial Partners (IFP),False,False
2021-12-28 16:32:01,2857770499,Backend Web Developer (On W2 / Only US Citizen),StaffChase,True,True
2021-12-28 16:32:30,2731865995,Full Stack Software Engineer,MiSource,True,True
2021-12-28 16:33:06,2848970763,Senior Software Engineer,Imperium Data,True,True
2021-12-28 16:33:45,2849469845,Software Engineer,TECHEAD,True,True
2021-12-28 16:34:19,2789197724,Software Engineer In Test - DATA,BST Global,True,True
2021-12-28 16:34:33,2847178401,Mobile Engineer,Robert Half,False,False
2021-12-28 16:35:08,2843489697,Senior Software Engineer,Interactive Resources - iR,True,True
2021-12-28 16:35:35,2820975226,Software Requirements Engineer,Telepathy Labs,True,False
2021-12-28 16:36:21,2854108995,JR. Software Engineer,Impact Biosystems,True,True
2021-12-28 16:36:56,2857699027,Shopify Developer,Hive Brands,True,True
2021-12-28 16:37:23,2852562017,Staff Software Engineer -Java/Mobile- LinkedIn Top Startups,CyberCoders,True,True
2021-12-28 16:37:56,2814772962,Java Software Engineer,Insight Global,True,True
2021-12-28 16:38:21,2787881699,Software Engineer (Node.js)(Remote),KnowBe4,True,False
2021-12-28 16:38:53,2846126946,Mobile Application Developer,Premier Group Recruitment,True,True
2021-12-28 16:39:20,2815404642,Software Developer - PHP - REMOTE,Perficient,True,True
2021-12-28 16:39:48,2824938341,Sr. Software Engineer,Anchor Glass Container Corp,True,False
2021-12-28 16:40:23,2840127602,Senior Embedded Software Engineer (SATCOM),Acara Solutions,True,True
2021-12-28 16:40:54,2719661042,Software Engineer,ByDesign Technologies,True,False
2021-12-28 16:41:27,2830870646,Database Software Engineer,Anvalad AG,True,True
2021-12-28 16:41:59,2813012087,ReactJS/JavaScript Software Engineer,"PF1 Professional Services, Inc.",True,True
2021-12-28 16:42:28,2827855866,Lead Software Engineer,Phyton Talent Advisors,True,False
2021-12-28 16:44:32,2824987906,"Manager, Full Stack Software Development",PowerFleet Inc.,True,False
2021-12-28 16:45:07,2854128653,Full Stack Engineer,Avacend Solutions,True,True
2021-12-28 16:45:30,2853727918,Senior Full Stack Java Developer,Raymond James,True,True
2021-12-28 16:46:05,2858113460,Full Stack Developer-JavaScript,HealthFund Solutions,True,True
2021-12-28 16:46:36,2857652920,Sr. Full Stack Java Developer,Insight Global,True,True
2021-12-28 16:47:05,2849045053,Full Stack Engineer,Telepathy Labs,True,False
2021-12-28 16:47:38,2846082753,Full Stack,Iris Software Inc.,True,True
2021-12-28 16:48:11,2826024263,Full Stack Developer,Petco,True,True
2021-12-28 16:48:41,2852020169,Senior Full Stack Engineer,Jobot,True,True
2021-12-28 16:49:09,2857908039,Co-Founder,Visual Demand LLC,True,True
2021-12-28 16:49:47,2795984463,Full Stack Developer-Lead,Ashley Furniture Industries,True,True
2021-12-28 16:50:17,2857642458,Sr. .NET Full Stack Engineer - Remote,NextPath Career Partners,True,True
2021-12-28 16:50:43,2845006175,Full Stack Developer (MERN),StevenDouglas,True,True
2021-12-28 16:51:14,2688422371,Full Stack Developer,Idexcel,True,True
2021-12-28 16:51:44,2853267822,Senior Frontend Developer,NETRAID,True,False
2021-12-28 16:52:10,2829654260,Full Stack Developer,SkyBridge Resources,True,True
2021-12-28 16:52:38,2853744893,Full Stack Developer (JavaScript/MySQL),Zyston LLC,True,False
2021-12-28 16:53:22,2793840510,"Senior Software Developer, Full Stack - C# (Open to Remote)",Modern Campus,True,False
2021-12-28 16:54:54,2845632142,Senior Full-Stack WordPress Developer (PHP + HTML/CSS/JS),"Generation Genius, Inc.",True,True
2021-12-28 16:55:27,2857687440,Full Stack Engineer,Confidential,True,True
2021-12-28 17:06:16,2838600080,Senior Full Stack Python,Slashdot Media,True,False
2021-12-28 17:06:43,2814224403,Full Stack Java/React developer,Perficient,True,True
2021-12-28 17:07:09,2853430036,Lead Software Engineer,Noula Health,True,True
2021-12-28 17:07:45,2795978647,Full Stack Developer-Senior,Ashley Furniture Industries,True,True
2021-12-28 17:08:20,2853238552,Junior Software Engineer,Speak_,True,True
2021-12-28 17:08:48,2843771680,"Lead Full Stack Java - Must Have AEM - Developer (WFH, C2C)",Lotus Staffing,True,False
2021-12-28 17:09:17,2857964579,Full Stack / BackEnd Engineer,Spotlist Inc.,True,False
2021-12-28 17:09:49,2857752996,Full Stack Engineer *U.S. Citizenship required*,GeoSearch,True,True
2021-12-28 17:10:16,2786727722,2) (Remote) Software Engineer-Front End,Collabera Inc.,True,False
2021-12-28 17:10:46,2795936939,Senior Java full stack developer,Iris Software Inc.,True,True
2021-12-28 17:11:18,2834306219,Full Stack Flutter Mobile App Developer,"ITCO Solutions, Inc.",True,True
2021-12-28 17:11:48,2831603117,"Step IT Up Apprenticeship Training / Career Opportunity - Tampa, FL",Xpanxion,True,False
2021-12-28 17:12:22,2798060607,Full Stack Developer,Ashley Furniture Industries,True,True
2021-12-28 17:12:48,2849257409,Front End Developer,Collabera Inc.,True,True
2021-12-28 17:13:22,2829478223,Full Stack PHP Developer,PPK,True,True
2021-12-28 17:13:50,2842705751,Senior Full Stack Software Engineer,Overseas Network,True,False
2021-12-28 17:14:20,2853281883,Full Stack .NET Developer,Jobot,True,True
2021-12-28 17:14:47,2857990626,Full Stack Engineer,"IDC Technologies, Inc.",True,True
2021-12-28 17:15:14,2850669044,100 % Remote - Senior Full Stack Developer (Urgent Hire),Rider Solution,True,True
2021-12-28 17:15:47,2853088500,"Full Stack Engineer, eCommerce","The TJX Companies, Inc.",True,True
2021-12-28 17:32:15,2841012738,Senior Full Stack Software Developer,Software for Good,True,False
2021-12-28 17:32:48,2839931780,Junior to Mid-Level Full Stack .Net Developer,"Touchstone Solutions, Inc.",True,True
2021-12-28 17:33:17,2838683147,Ruby on Rails Full-Stack Developer,Envion Software,True,False
2021-12-28 17:33:52,2827865231,Full Stack Developer (WordPress Development Required),Creative2,True,True
2021-12-28 17:34:22,2850463503,Full Stack Developer - Rolling Hiring,Digital Reach Agency,True,True
2021-12-28 17:34:37,2814224403,Full Stack Java/React developer,Perficient,False,False
2021-12-28 17:35:05,2767862168,Full Stack Ruby on Rails Developer,Supply Clinic,True,False
2021-12-28 17:35:39,2852835238,Full Stack Developer (Node/Javascript),TriSearch,True,True
2021-12-28 17:36:06,2854111661,Full Stack Engineer,Bazar,True,True
2021-12-28 17:36:35,2698404273,Mobile Application Developer,BLACKCLOAK,True,False
2021-12-28 17:37:01,2850870846,Junior Full Stack Software Engineer,Canix,True,True
2021-12-28 17:37:28,2852147009,Junior Software Engineer,Telivy,True,True
2021-12-28 17:38:03,2857946690,Full Stack Developer,"NU Borders, LLC",True,True
2021-12-28 17:38:30,2853798469,Back-End/.NET Developer,Allied OneSource,True,True
2021-12-28 17:39:05,2839374797,Senior Full Stack Engineer,Modis,True,True
2021-12-28 17:39:35,2843191893,Mid-Level/Senior .Net Developer,Insight Global,True,True
2021-12-28 17:40:05,2838818902,Senior Full Stack for Next Gen Computer Vision!,HCL International,True,True
2021-12-28 17:40:20,2853281883,Full Stack .NET Developer,Jobot,False,False
2021-12-28 17:40:52,2849996381,Full Stack Engineer (100% Remote),Hydrogen Group,True,True
2021-12-28 17:41:20,2849815908,"Full Stack Developer, Shopify",ZENB,True,False
2021-12-28 17:41:57,2823068657,Full Stack Node/React Developer,Strategic Employment Partners (SEP),True,True
2021-12-28 17:42:28,2838293364,FULL Stack Developers,HR Daily Consultancy,True,True
2021-12-28 17:57:04,2810009475,Full Stack Engineer,CustEx,True,False
2021-12-28 17:57:20,2854128653,Full Stack Engineer,Avacend Solutions,False,False
2021-12-28 17:57:54,2844031629,Software Engineer,Mastech Digital,True,True
2021-12-28 17:58:24,2840967822,Dotnet Developer,Insight Global,True,False
2021-12-28 17:58:57,2583368210,JAVA Node JS Developer,Infosys,True,True
2021-12-28 17:59:27,2842813972,Senior Full Stack Angular Software Engineer,Halo Media LLC,True,False
2021-12-28 18:02:07,2844021016,2) .NET Fullstack Developer,Compunnel Inc.,True,True
2021-12-28 18:02:39,2698404273,Mobile Application Developer,BLACKCLOAK,True,False
2021-12-28 18:03:14,2854220081,Marketing Software Developer,Lemu,True,True
2021-12-28 18:03:45,2852712116,Software Engineer (Mid-Level),"Powur, PBC",True,False
2021-12-28 18:04:54,2767853759,Node JS Developer,Infosys,True,True
2021-12-28 18:05:33,2847900483,Full Stack Developer,FirstThought,True,True
2021-12-28 18:06:04,2832640708,Full Stack Software Engineer (all levels),Onward,True,False
2021-12-28 18:06:19,2853798469,Back-End/.NET Developer,Allied OneSource,False,False
2021-12-28 18:06:34,2839374797,Senior Full Stack Engineer,Modis,False,False
2021-12-28 18:06:48,2838818902,Senior Full Stack for Next Gen Computer Vision!,HCL International,False,False
2021-12-28 18:07:16,2846457305,Full Stack Java Developer (Virtual / Remote),Immersive Wisdom,True,False
2021-12-28 18:07:54,2853281883,Full Stack .NET Developer,Jobot,False,False
2021-12-28 18:08:28,2837933404,full stack development,ENIN System Inc,True,True
2021-12-28 18:08:58,2837124708,Full-stack .NET Developer w/ Infrastructure Specialization - Growing Fast - Calm (Remote Forever),Referral Rock Inc,True,False
2021-12-28 18:09:27,2838993779,Sr. UI Developer,Insight Global,True,False
2021-12-28 18:09:57,2822631544,Full Stack Java Developer,CGT Staffing,True,False
2021-12-28 18:11:24,2847126532,Senior Full Stack Developer (USA/Canada),TechUp Labs,True,False
2021-12-28 18:11:52,2843451400,Full Stack Developer,Passport Technology,True,True
2021-12-28 18:12:22,2839547275,Remote PHP Developer,Insight Global,True,True
2021-12-28 18:32:58,2841289997,Full Stack Dev Ops Engineer,Modis,True,True
2021-12-28 18:33:25,2839809294,Senior Software Engineer,Chargebacks911,True,True
2021-12-28 18:33:59,2795151637,React Native Mobile/React Web Developer,Hays,True,True
2021-12-28 18:34:27,2850874407,Full Stack Developer - Ruby on Rails,Capable Health,True,True
2021-12-28 18:46:50,2858136083,100% Remote - Go/Golang Developers,Insight Global,True,False
2021-12-28 18:47:21,2822607487,Senior Software Engineer,Mastech Digital,True,False
2021-12-28 18:48:55,2850557571,Software Engineer,Belcan,True,True
2021-12-28 18:49:22,2844074637,Lead Software Product Engineer,Perficient,True,True
2021-12-28 18:49:51,2822241550,"Senior Software Engineer, Black Diamond",SS&C Advent,True,False
2021-12-28 18:59:16,2850405648,Lead Software Engineer,Openwave Computing LLC,False,False
2021-12-29 15:37:46,2854536582,Blockchain Engineer,Jobot,True,True
2021-12-29 15:38:15,2854645005,Full Stack Engineer,ClubRare,True,False
2021-12-29 15:38:45,2854883738,Smartwaiver - Full Stack Engineer (Remote based),Smartwaiver,True,False
2021-12-29 15:39:17,2854573850,Remote Fullstack Engineer,Jobot,True,True
2021-12-29 15:39:47,2854540065,Blockchain Engineer,Jobot,True,True
2021-12-29 15:44:13,2824416549,Senior Blockchain Engineer,Ledgent Technology,True,True
2021-12-29 15:44:44,2854538022,Blockchain Engineer,Jobot,True,True
2021-12-29 15:45:13,2858903593,Blockchain Developer,FlexSmart,True,False
2021-12-29 15:45:42,2854574890,Remote Fullstack Engineer,Jobot,True,True
2021-12-29 16:16:50,2854539174,Remote Fullstack Engineer,Jobot,True,True
2021-12-29 16:17:34,2858902349,Full Stack Developer,PangoBooks,True,False
2021-12-29 16:18:04,2854538196,Blockchain Engineer,Jobot,True,True
2021-12-29 16:18:32,2854545752,Back End Developer,EthSign,True,False
2021-12-29 16:19:05,2854536669,Blockchain Engineer,Jobot,True,True
2021-12-29 16:19:37,2854532336,Software Engineer C#,Langley Recruitment Solutions,True,True
2021-12-29 16:20:06,2854895095,Full Stack Engineer,Insight Global,True,False
2021-12-29 16:25:20,2854882051,Fullstack Javascript Developer,Tragic Media,True,False
2021-12-29 16:25:51,2854539142,"Full Stack Developer - Crypto, Node, React!",Jobot,True,True
2021-12-29 16:26:17,2854584717,100% Remote Full Stack Javascript Developer,CyberCoders,True,True
2021-12-29 16:26:31,2854533904,"Full Stack Developer - Crypto, Node, React!",Jobot,False,False
2021-12-29 16:28:04,2854578072,Remote Fullstack Engineer,Jobot,True,True
2021-12-29 16:35:13,2839099784,Project Engineer II,"PF1 Professional Services, Inc.",True,False
2021-12-29 16:35:42,2841088162,Junior QA Automation Engineer,SMCI,True,False
2021-12-29 16:36:11,2858965307,Full Stack Engineer,Hiresigma,True,False
2021-12-29 16:36:50,2685295171,Senior iOS Engineer,Influencer Platform,True,False
2021-12-29 16:37:20,2831636164,Application Engineer,AAA-The Auto Club Group,True,False
2021-12-29 16:37:50,2849327047,Technical Field Engineer,Lucas James Talent Partners,True,True
2021-12-29 16:38:21,2850344391,Senior Software Engineer,Tattle,True,False
2021-12-29 16:38:50,2827835993,Cloud Security Engineer (100% Remote) (W2 only),Noblesoft Solutions,True,False
2021-12-29 16:39:25,2818969696,1) Data Engineer,GalaxE.Solutions,True,True
2021-12-29 16:39:54,2843493091,1) Senior System Software Engineer,Insight Global,True,False
2021-12-29 16:40:28,2854631143,1) Desarrollador de back-end,Spilba,True,True
2021-12-29 16:40:55,2848868205,1) Data Engineer,Vaco,True,True
2021-12-29 16:41:25,2838304111,"1) Field Service Engineer - Tampa, FL",Packsize,True,False
2021-12-29 16:41:52,2787880574,1) AWS Engineer DevOps/Infrastructure,Perficient,True,True
2021-12-29 16:43:18,2829809920,1) Field Application Engineer,Future Electronics,True,False
2021-12-29 16:43:45,2837651972,1) AWS Engineer DevOps/Infrastructure,Perficient,True,True
2021-12-29 16:44:08,2843985048,1) Software Support Engineer,Eaton,True,False
2021-12-29 16:44:22,2838672929,1) Software Engineer,eGain Corporation,False,False
2021-12-29 16:44:35,2855027368,1) DevOps Engineer,Imperium Data,False,False
2021-12-29 16:44:48,2837983277,1) Cyber Threat Engineer (SOAR),Raymond James,False,False
2021-12-29 16:45:01,2849196467,1) Back-end Engineer (Drupal),Vaco,False,False
2021-12-29 16:45:16,2750573757,1) UXUI Engineer,BST Global,False,False
2021-12-29 16:45:29,2846607170,1) Network Engineer,CCS Global Tech,False,False
2021-12-29 16:45:42,2846422467,1) Cloud Engineer,SMCI,False,False
2021-12-29 16:45:55,2858941636,1) Senior Software Engineer,cove,False,False
2021-12-29 16:46:08,2854544209,1) Full Stack Software Engineer for Construction Robotics,Toggle Industries,False,False
2021-12-29 16:46:22,2854853982,1) Full Stack Engineer,ReignMarkconsultingservices,False,False
2021-12-29 16:46:35,2842877278,1) DevOps Engineer,Telepathy Labs,False,False
2021-12-29 16:46:48,2814459370,1) Staff iOS Engineer,Consumer Platform,False,False
2021-12-29 16:47:01,2843774831,1) Software Engineer,SkyBridge Resources,False,False
2021-12-29 16:47:14,2858830192,1) Senior Full Stack Engineer,HuntSource,False,False
2021-12-29 16:47:29,2854868978,1) Solutions Engineer,Tom Sawyer Software,False,False
2021-12-29 16:48:39,2743146563,1) MongoDB Engineer,Perficient,False,False
2021-12-29 16:48:53,2794652036,1) Software Engineer Finance & Accounting,BST Global,False,False
2021-12-29 16:49:06,2842015942,1) Sr. Software Engineer,TradePMR,False,False
2021-12-29 16:49:19,2841896139,1) Enterprise Sales Engineer,Sumo Logic,False,False
2021-12-29 16:49:32,2857162159,1) Software Engineer,Diverse Lynx,False,False
2021-12-29 16:49:45,2854696847,1) Senior Software Development Engineer - Image Planning & Capture Job title is “Senior Software Development Engineer - Image Planning & Capture”,EagleView,False,False
2021-12-29 16:49:58,2837651932,1) Cloud Engineer,SMCI,False,False
2021-12-29 16:51:05,2784818978,1) Electrical Controls Engineer,"Liberty Personnel Services, Inc.",False,False
2021-12-29 16:51:19,2752500913,1) Systems Test Engineer (Manufacturing),Talently Recruiting,False,False
2021-12-29 16:51:32,2813024753,1) Snr. Software Engineer (Node.js)(Remote),KnowBe4,False,False
2021-12-29 16:51:45,2764227253,1) Data Engineer,Corporate Brokers,False,False
2021-12-29 16:51:58,2858676822,1) Technical Lead Software Engineer,innRoad,False,False
2021-12-29 16:52:11,2841830006,1) Transmission Engineer,Strategic Staffing Solutions,False,False
2021-12-29 16:53:19,2858835361,1) Manufacturing Engineer II - Extrusion,Saint-Gobain Performance Plastics,False,False
2021-12-29 16:53:32,2840929863,1) Telecom Network Engineer,Signature Consultants,False,False
2021-12-29 16:53:46,2853793232,1) Network Security Engineer,Raymond James,False,False
2021-12-29 16:53:59,2837182425,1) Project Engineer,Get Green NOI,False,False
2021-12-29 16:54:12,2854833468,1) Full Stack Engineer,Robert Half,False,False
2021-12-29 16:54:25,2853683391,1) Android Developer,Russell Tobin,False,False
2021-12-29 16:55:33,2780735013,1) Sr. DevOps Engineer,ReliaQuest,False,False
2021-12-29 16:55:46,2465449896,1) Lead Power Electronics Engineer,Jabil,False,False
2021-12-29 16:55:59,2845927567,1) Mechanical Engineer,"Futures Consulting, LLC",False,False
2021-12-29 16:56:13,2847132177,1) Sales Engineer (Remote - Existing Clearance Required),Immersive Wisdom,False,False
2021-12-29 16:56:27,2834595349,1) Sr. Software Engineer,Drake Software,False,False
2021-12-29 16:56:41,2851759641,1) Process Engineer - Phosphate plants,Protech Solutions,False,False
2021-12-29 16:57:51,2858445856,1) Er. staff cloud software engineer,Swago,False,False
2021-12-29 16:58:05,2795164064,1) Process Safety Engineer 109.21LH,"CPS, Inc.",False,False
2021-12-29 16:58:19,2709214405,1) Structural Engineer,American Integrity Insurance Company,False,False
2021-12-29 16:58:33,2849518285,1) .Net Architect/Sr. Engineer,Vaco,False,False
2021-12-29 16:58:47,2781949434,"1) Project Engineer, Entry Level New Product Design",Paragon Water Systems Inc,False,False
2021-12-29 16:59:01,2818888253,1) Senior Full Stack Web Application Engineer,Brimar Industries,False,False
2021-12-29 17:00:11,2854217408,"1) Dev Experience Engineer, Engineering Acceleration",Reify Health,False,False
2021-12-29 17:00:26,2854848290,1) Sr. Full Stack Software Engineer,Eliassen Group,False,False
2021-12-29 17:00:40,2849060485,1) Senior Software Engineer,Cuely,False,False
2021-12-29 17:00:55,2824952680,1) Senior Software Engineer,intely.io,False,False
2021-12-29 17:01:09,2848672553,1) Senior Rust Software Engineer,InfinyOn Inc.,False,False
2021-12-29 17:01:22,2846091892,1) Senior Full-stack Engineer - Javascript,Reach Platform,False,False
2021-12-29 17:02:30,2854268137,1) Sr. Staff Cloud Software Engineer,Swago,False,False
2021-12-29 17:02:44,2858486286,1) Sr. Staff Cloud Software Engineer,Swago,False,False
2021-12-29 17:02:58,2848749746,1) Lead Demo Team Engineer,Sureify,False,False
2021-12-29 17:03:12,2854529112,1) Sr. Staff Cloud Software Engineer,Swago,False,False
2021-12-29 17:03:26,2793376667,1) Software Deconstruction Engineer aka. Infosec Consultant,"Carve Systems, an iVision company",False,False
2021-12-29 17:03:40,2858404605,1) Sr. Staff Cloud Software Engineer,Swago,False,False
2021-12-29 17:04:49,2854676963,1) Cloud Site Reliability Engineer I,Seller Labs,False,False
2021-12-29 17:05:04,2854800707,1) Senior Software Engineer,Akerna Corp.,False,False
2021-12-29 17:05:18,2837100582,1) Software Engineer,TEKsystems,False,False
2021-12-29 17:05:33,2845497384,1) Senior Web Developer,AccountingSuite,False,False
2021-12-29 17:05:48,2848655241,1) Java Developer,"RIT Solutions, Inc.",False,False
2021-12-29 17:06:01,2851739277,1) .NET Developer,Motion Recruitment,False,False
2021-12-29 17:06:15,2857033293,1) Senior Full Stack UI Engineer,"Gardner Resources Consulting, LLC",False,False
2021-12-29 17:07:46,2829962882,Full Stack Engineer,Rematic Tokens,True,True
2021-12-29 17:08:14,2854242442,Senior staff cloud software engineer,Swago,True,True
2021-12-29 17:08:47,2850201492,Full Stack Engineer,TRUGLOBAL SOFTWARE INDIA PRIVATE LIMITED,True,True
2021-12-29 17:17:58,2854877336,Big Data Engineer,Klap6 Technologies,True,False
2021-12-29 17:18:34,2850508195,Senior Full Stack Engineer,Zaddy Solutions,True,True
2021-12-29 17:19:04,2850184879,Senior Software Engineer,firstPRO 360,True,False
2021-12-29 17:19:37,2855043767,Java Software Engineer,FD Technologies,True,True
2021-12-29 17:20:08,2858401852,Software Engineer,Ambition,True,False
2021-12-29 17:23:40,2849726657,Systems Engineer - DNS,NetActuate,False,False
2021-12-29 17:24:19,2854542019,Senior Staff Cloud Software Engineer,Swago,True,True
2021-12-29 17:24:49,2854884041,Senior Java Software Engineer,Pikemann,True,False
2021-12-29 17:25:20,2853265486,Senior Software Engineer,Alltrue,True,True
2021-12-29 17:25:48,2847571414,Lead Engineer,VaultLink,True,True
2021-12-29 17:27:01,2849347555,Senior Software Engineer,battleface,True,True
2021-12-29 17:27:42,2858835564,Senior Software Engineer,Insight Global,True,False
2021-12-29 17:28:09,2854597357,Solutions Sales Engineer,IDEA HELIX,True,True
2021-12-29 17:28:38,2854540793,Sr staff cloud software engineer,Swago,True,True
2021-12-29 17:29:09,2817118590,Senior .Net Software Engineer,SJV Data Solutions,True,False
2021-12-29 17:30:39,2820051978,Sr. Software Engineer @ Consumer Facing Mental Wellness Product Company,Integrity Power Search,True,True
2021-12-29 17:31:09,2852838289,Full Stack Software Engineer,"IDR, Inc.",True,False
2021-12-29 17:31:45,2858947481,Solutions Engineer,DRUM Associates,True,True
2021-12-29 17:32:14,2824414371,Full Stack Engineer (Open edX),VincentBenjamin,True,False
2021-12-29 17:32:44,2851712421,Java Software Engineer,Apex Systems,True,False
2021-12-29 17:33:19,2854109479,Senior Java Software Engineer,Scalene Works INC,True,True
2021-12-29 18:57:29,2814237575,Web Developer (C# MVC),AppleOne Employment Services,True,False
2021-12-29 18:57:55,2837402519,Creative Email and Web Developer - HTML/CSS,KnowBe4,True,False
2021-12-29 18:58:28,2824502177,Java Fullstack Developer,LTI - Larsen & Toubro Infotech,True,True
2021-12-29 18:59:01,2758777507,Java Fullstack Developer,Virtusa,True,True
2021-12-29 18:59:27,2855319336,Mean Stack Developer,LOGICPLANET IT SERVICES (INDIA) PRIVATE LIMITED,True,True
2021-12-29 18:59:55,2850347965,Java Full Stack Developer,Synergy Technologies,True,False
2021-12-29 19:00:29,2821132505,Net FullStack Developer,Iris Software Inc.,True,True
2021-12-29 19:01:01,2794115571,Full Stack Developer,Corporate Brokers,True,True
2021-12-29 19:01:29,2854858618,C++ Developer,Versatil RPO,True,False
2021-12-29 19:02:52,2854804108,Lead Full Stack Software Engineer,OptimHire,True,False
2021-12-29 19:03:19,2854893841,Java Full Stack Developer,"Tanisha Systems, Inc",True,False
2021-12-29 19:03:49,2782069412,Sencha Developers,Tecbeats,True,False
2021-12-29 19:04:16,2854857768,Full Stack Senior Developer,d'aprile properties,True,False
2021-12-29 19:04:44,2855055930,Software Developer / Programmer 3,CGT Staffing,True,False
2021-12-29 19:05:14,2828395858,Full Stack Developer,Crystal Equation Corporation,True,True
2021-12-29 19:05:50,2854862040,Full Stack Java Developer,Healthmap Solutions,True,True
2021-12-29 19:06:20,2853082346,Java Fullstack developer,LTI - Larsen & Toubro Infotech,True,True
2021-12-29 19:06:46,2854649709,Full-stack Developer,"Spruce InfoTech, Inc",True,True
2021-12-29 19:08:10,2854212225,"Founding Software Engineer (Full Stack: AWS, React Native)",Render,True,False
2021-12-29 19:08:36,2772104201,Lead Full Stack Developer (Angular),Perficient,True,True
2021-12-29 19:18:18,2854657423,Sr Full-Stack Developer - (JavaScript/TypeScript/AWS/Node),"Eleventh Hire, Inc.",True,True
2021-12-29 19:18:51,2854866343,Software developer,Mindlance,True,True
2021-12-29 19:19:06,2848643628,Full Stack Engineer,"Tanisha Systems, Inc",False,False
2021-12-29 19:19:33,2853645488,Java Full Stack Developer,"Miracle Software Systems, Inc",True,False
2021-12-29 19:20:02,2848523848,Global- Software Developer Volunteer for Nature Counter(React Native Developer) Needed,M4A Foundation,True,False
2021-12-29 19:20:29,2854501192,Java Full Stack Developer,Kani Solutions Inc,True,False
2021-12-29 19:20:58,2774401480,Senior Full Stack Blockchain Developer,NetraDigital,True,False
2021-12-29 19:21:27,2854122067,Data Warehouse Programmer,Home Care Pulse,True,False
2021-12-29 19:21:55,2847878750,Global- Software Developer Volunteer for Nature Counter (React Native Developer)Needed,M4A Foundation,True,False
2021-12-29 19:22:22,2858555875,Senior Full-Stack Software Engineer,AL-AGEDI B. C.,True,True
2021-12-29 19:22:50,2853967083,Sitecore developer,Spartan Solutions Inc,True,False
2021-12-29 19:23:16,2850867947,Full Stack Software Engineer,Linq,True,True
2021-12-29 19:23:49,2848967917,Java Full stack Engineer,"Tanisha Systems, Inc",True,True
2021-12-29 19:24:17,2847889139,BackEnd Software Engineer,seer,True,False
2021-12-29 19:24:33,2854888447,Software Developer - Remote,SS&C Technologies,False,False
2021-12-29 19:31:49,2826437830,Software Engineer (Volunteer),Art For Action Corporation,False,False
2021-12-29 19:32:02,2853685865,Full Stack Engineer,VySystems,False,False
2021-12-29 19:32:34,2852991019,Java Fullstack Developer,chelsoftusa,False,False
2021-12-29 19:32:49,2852560336,1) .Net Full Stack Developer,TekIT Software Solutions LLC,False,False
2021-12-29 19:34:21,2847993892,Sr. Fullstack / Backend Engineer,Ekanite Consulting,False,False
2021-12-29 19:54:34,2844300998,Full Stack Developer,EC-Council,False,False
2021-12-29 19:54:51,2847677039,"Full Stack Blockchain Engineer (NodeJS, ReactJS, Solidity, GO)",Smart MFG,False,False
2021-12-29 19:55:09,2847455222,Full-Stack Cloud Software Developer,"X2 Logics Staffing Solution, Inc.",False,False
2021-12-29 20:10:20,2854676406,Software Engineer,Dream Team,False,False
2021-12-29 20:11:43,2846300006,Full Stack .NET Developer,Confidential,False,False
2021-12-29 20:11:56,2845756556,NET Full Stack Developer,True North Consultants,False,False
2021-12-29 20:13:05,2857987876,Python/Django Software Engineer (Salary+Equity),Cyberjin,False,False
2021-12-29 20:13:18,2832904553,Software Engineer,TEAM ia,False,False
2021-12-29 20:13:32,2852829903,C# API Developer (REMOTE),TriSearch,False,False
2021-12-29 20:13:46,2858929650,Sr. Full Stack Java Developer - REMOTE,"Cyquent, Inc.",False,False
2021-12-29 20:14:54,2848931463,Software Developer (.NET) (REMOTE),Patriot Talent Solutions,False,False
2021-12-29 20:15:08,2806196072,Full-Stack Developer (remote; full-time),Hire Velocity,False,False
2021-12-29 20:15:22,2848622127,Full Stack Java Developer,Maxonic,False,False
2021-12-29 20:15:35,2834043285,Fullstack .NET Developer (Streaming),Hays,False,False
2021-12-29 20:15:49,2846999798,React Native Software Engineer [65417],Onward Search,False,False
2021-12-29 20:16:02,2858663678,"Ruby on Rails Developer - (Amazon Web Services, PostGreSQL) – 100% Remote",Optomi,False,False
2021-12-29 20:33:55,2846663717,"Full Stack Engineer III ( Angular, C#.net , Microservices )",IT Associates,False,False
2021-12-29 20:34:09,2830499087,Full Stack Developer,Novatas Recruitment,False,False
2021-12-29 20:34:24,2837145007,Java full stack developer,RK Software Services LLC,False,False
2021-12-29 20:34:38,2826960401,Java Fullstack Developer || Only W2 || Banking Domain,ACS Solutions,False,False
2021-12-29 20:50:41,2858823695,Mulesoft developer,CDRP Technologies,False,False
2021-12-29 20:51:03,2847941433,Full Stack Engineer,"Modex, Inc.",False,False
2021-12-29 20:52:11,2821135874,Software Engineer,Robert Half,False,False
2021-12-29 20:52:24,2823640393,Full Stack Engineer (Genesys),VincentBenjamin,False,False
2021-12-29 20:52:38,2848280780,Full Stack developer,Collabera Inc.,False,False
2021-12-29 20:52:51,2706568245,Software Engineer / Back-End Developer,Schellman,False,False
2021-12-29 20:53:04,2842008861,Software Dev Engineer III,"Akraya, Inc.",False,False
2021-12-29 20:53:18,2803472222,Java Full Stack Developer,"Variphy, Inc.",False,False
2021-12-29 20:54:25,2836849220,Laravel Fullstack Engineer,Rekrew,False,False
2021-12-29 20:54:39,2817104977,Sr. Full-Stack Engineer (React/Node/Mongo/AWS),Hopps,False,False
2021-12-29 20:54:52,2844998867,Full Stack Java Developer,ProKatchers LLC,False,False
2021-12-29 20:55:06,2821945525,Software Engineer @ Cybersecurity startup,sonet.io,False,False
2021-12-29 20:55:19,2841079609,Full-Stack Developer,Marketing Architects,False,False
2021-12-29 20:56:27,2847556265,Senior Full-Stack Engineer,Arva Intelligence,False,False
2021-12-29 21:12:28,2821152236,Flutter Developer,The Ksquare Group,False,False
2021-12-29 21:12:45,2844088406,2) .NET Full Stack Engineer,PMG GLOBAL,False,False
2021-12-29 21:16:27,2851563193,Full Stack Engineer,Gravity Supply Chain Solutions,False,False
2021-12-29 21:16:49,2830982590,Full Stack Developer,Eliassen Group,False,False
2021-12-29 22:00:14,2813034368,IOS Software Engineer,UNION,False,False
2021-12-30 06:36:04,2855334983,3) Full Stack Software Developer,the interprose corporation,False,False
2021-12-30 06:37:23,2857165281,3) Senior Server Side Back End Developer,FYX Gaming,False,False
2021-12-30 06:37:37,2855340325,"3) Full Stack Engineer, Full Stack Developer, Front end, Back end",Whim,False,False
2021-12-30 06:37:51,2850175179,3) Full Stack Engineer,"CloudLex, Inc.",False,False
2021-12-30 06:38:05,2854893841,3) Java Full Stack Developer,"Tanisha Systems, Inc",False,False
2021-12-30 06:38:19,2855349690,3) Back End Developer (Remote),"ChrisHunt, Inc.",False,False
2021-12-31 07:00:35,2854691296,7) Full Stack Developer,CyberSaint Security,False,False
2021-12-31 09:52:05,2783842306,8) Senior Blockchain Engineer - Smart Contract / Solidity,Austin Werner Ltd,True,False
2021-12-31 09:52:37,2859827460,8) Full Stack Java Developer,TEKWISSEN ®,True,False
2021-12-31 09:53:06,2856514185,8) Web Developer (P2E/Blockchain/NFT gaming),PlanetQuest,True,False
2021-12-31 09:56:02,2855875089,8) Full Stack Engineer,The ACI Group,False,False
2021-12-31 09:56:52,2856100498,8) Full Stack Developer,"Spruce InfoTech, Inc",True,True
2021-12-31 09:57:19,2859807008,8) Full-stack Developer,"Spruce InfoTech, Inc",True,True
2021-12-31 09:57:47,2855973413,8) Full Stack Engineer,BeYouID,True,False
2021-12-31 09:58:21,2749555109,8) Lead Blockchain Engineer,Concept Art House,True,True
2021-12-31 09:58:48,2860057256,8) Senior Full-Stack Engineer,Shop Ditto,True,False
2021-12-31 09:59:16,2855930802,8) Full stack UI Developer (React/Node /Java script),WhizTech Consulting,True,False
2021-12-31 09:59:42,2859517623,8) Java Full stack Developer,KTek Resourcing,True,True
2021-12-31 10:00:07,2803964987,8) Blockchain Engineer (Node.js) - Global Fintech Startup,Crypto.com,True,False
2021-12-31 10:00:39,2855416520,8) Full Stack Engineer,Fork Bison,True,True
2021-12-31 10:01:09,2859604065,8) Full stack java Developer,KTek Resourcing,True,False
2021-12-31 10:01:24,2859875062,8) Mobile /Web Full Stack React and React Native Software Developer,FYX Gaming,False,False
2021-12-31 10:01:53,2806683642,8) Sr. Blockchain Engineer,Sila,True,False
2021-12-31 10:02:19,2859870463,8) Full Stack Engineer,Stratosphere Digital,True,True
2021-12-31 10:03:41,2855846945,8) Java Fullstack Lead Developer,MWIDM Inc.,True,True
2021-12-31 10:04:07,2855668898,8) java full stack developer,Infinity Quest,True,True
2021-12-31 10:04:39,2856187557,8) Web Developer,Sunergi,True,True
2021-12-31 10:05:11,2829780454,8) Golang/Blockchain Engineer,Pastel Network,True,True
2021-12-31 10:05:37,2837614373,8) Senior Blockchain Engineer (Remote),Arpeggi Labs,True,False
2021-12-31 10:23:18,2855834988,8) Java Full Stack Developer,First Soft Solutions,True,False
2021-12-31 10:23:44,2855688877,8) Full-stack Developer,KTek Resourcing,True,True
2021-12-31 10:24:09,2847079660,8) Blockchain Developer,NETWORKER,True,True
2021-12-31 10:24:41,2855310801,8) java Full stack Engineer with (Banking or Finance),Cloudious LLC,True,True
2021-12-31 10:25:16,2851399446,8) Java Full Stack Developer - Urgent,Datasoft Global LLC,True,True
2021-12-31 10:25:45,2850651289,8) Blockchain Developer,Gallop,True,False
2021-12-31 10:26:11,2854876922,8) Back End Developer,Zing!,True,False
2021-12-31 10:26:46,2846185338,9) Back End Developer,Jefferson Frank,True,True
2021-12-31 10:27:19,2854649759,9) Java Full stack Developer,Sathya Sai Corporation,True,True
2021-12-31 10:28:43,2855329574,9) Full Stack Developer (Python),Capro Consulting LLC,True,False
2021-12-31 10:29:11,2840879150,9) Blockchain Developer,Odiin,True,False
2021-12-31 10:29:40,2858679760,9) Ruby on Rails Developer -(Full Stack),Accede LLC,True,False
2021-12-31 10:30:07,2849469712,9) Back End Developer,Bryllyant,True,False
2021-12-31 10:30:37,2837022740,9) Blockchain Developer,SkyeKiwi,True,True
2021-12-31 10:31:13,2849860693,9) Full Stack Engineer,TEKsystems,True,True
2021-12-31 10:31:41,2659887189,9) Full Stack Engineer,"Telecommunication Solutions Group, Inc",True,False
2021-12-31 10:32:07,2855329910,9) Full-Stack Software Engineer,UpRoar Technologies,True,False
2021-12-31 10:32:34,2855330426,9) Back-End Software Engineer,UpRoar Technologies,True,False
2021-12-31 10:33:57,2850031875,9) Java Full Stack Developer,Accede LLC,True,False
2021-12-31 10:34:24,2861567331,9) Full Stack Java Developer,Applicantz,True,False
2021-12-31 11:39:22,2859299561,1) Web Developer,Twik,False,False
2021-12-31 11:53:22,2859509130,1) React / Web 3 Developer,Sombra,True,False
2021-12-31 11:53:53,2855697772,1) Lead Backend Engineer,Stealth Startup,True,True
2021-12-31 11:54:18,2855842864,1) Back End Developer,Stealth Mode Startup Company,True,True
2021-12-31 11:54:46,2783626359,"1) Full Stack J2EE Developer To $150,000",LifeQuotes.com,True,False
2021-12-31 11:55:17,2849028057,1) Offensive Security Engineer,Netvrk,True,True
2021-12-31 12:22:14,2823650917,1) Blockchain / Solidity Developer,Netvrk,False,False
2021-12-31 12:22:28,2844681647,1) Elixir back end developer Developer (Remote),e2w consulting llc,False,False
2021-12-31 13:11:54,2857770499,4) Backend Web Developer (On W2 / Only US Citizen),StaffChase,False,False
2021-12-31 13:12:08,2731865995,4) Full Stack Software Engineer,MiSource,False,False
2021-12-31 13:12:22,2814224403,4) Full Stack Java/React developer,Perficient,False,False
2021-12-31 13:12:50,2849045053,4) Full Stack Engineer,Telepathy Labs,True,False
2021-12-31 13:13:05,2798060607,4) Full Stack Developer,Ashley Furniture Industries,False,False
2021-12-31 13:13:19,2826024263,4) Full Stack Developer,Petco,False,False
2021-12-31 13:13:33,2845006175,4) Full Stack Developer (MERN),StevenDouglas,False,False
2021-12-31 13:14:01,2858980578,4) mean stack developer,LOGICPLANET IT SERVICES (INDIA) PRIVATE LIMITED,True,False
2021-12-31 13:14:16,2688422371,4) Full Stack Developer,Idexcel,False,False
2021-12-31 13:14:29,2796710505,4) Software Engineer (Fullstack) PPD,BST Global,False,False
2021-12-31 13:14:43,2829654260,4) Full Stack Developer,SkyBridge Resources,False,False
2021-12-31 13:15:16,2793840510,"4) Senior Software Developer, Full Stack - C# (Open to Remote)",Modern Campus,True,False
2021-12-31 13:16:40,2855912585,5) Full Stack Developer,Perficient,True,True
2021-12-31 13:17:11,2855679268,6) Software Development Engineer II,Thorne,True,True
2021-12-31 13:17:26,2795936939,6) Senior Java full stack developer,Iris Software Inc.,False,False
2021-12-31 13:17:42,2853727918,6) Senior Full Stack Java Developer,Raymond James,False,False
2021-12-31 13:17:56,2795984463,6) Full Stack Developer-Lead,Ashley Furniture Industries,False,False
2021-12-31 13:18:10,2857642458,6) Sr. .NET Full Stack Engineer - Remote,NextPath Career Partners,False,False
2021-12-31 13:18:23,2814227064,6) Full Stack Java/React developer,Perficient,False,False
2021-12-31 13:18:48,2856561019,6) C#/.Net Developer,Ket Software,True,True
2021-12-31 13:19:15,2853744893,6) Full Stack Developer (JavaScript/MySQL),Zyston LLC,True,False
2021-12-31 13:20:37,2851527718,6) Hiring: Sr. Java Full Stack Developer with Vue JS @ 100 REMOTE - Any visa is fine for C2C,"V-Soft Consulting Group, Inc.",True,True
2021-12-31 13:21:06,2845679158,6) Software Developer Volunteer,DSD Recruitment,True,False
2021-12-31 13:21:33,2848625211,6) C++ Developer,KTek Resourcing,True,True
2021-12-31 13:22:01,2852587725,6) sitecore developer,Eminent Software Services,True,False
2021-12-31 13:22:36,2774526675,6) C# Backend API Developer (Remote),Parlance,True,True
2021-12-31 13:23:08,2854509150,6) Senior Full Stack Engineer,Parallel Finance,True,True
2021-12-31 13:23:35,2845907190,6) Source Code Parsing Software Engineer,CM First Group.,True,False
2021-12-31 13:25:00,2847169039,6) .NET Full Stack Developer,KTek Resourcing,True,False
2021-12-31 13:25:30,2853691031,"6) Software Engineer, Ruby on Rails (Triage)",COFENSE,True,False
2021-12-31 13:26:05,2849291799,7) Full Stack .NET Developer,"Peoplr, LLC",True,True
2021-12-31 13:26:32,2850451755,7) Full Stack Developer,Confidential,True,True
2021-12-31 13:26:57,2855679023,7) ServiceNow Developer,Aspire Systems,True,True
2021-12-31 13:27:23,2855667763,7) Mulesoft Developer,"TechnoGen, Inc.",True,True
2021-12-31 13:44:37,2858996097,Frontend Engineer,Ringside Talent,True,True
2021-12-31 13:45:01,2848659587,Software Engineer – React,The Connors Group,True,True
2021-12-31 13:45:30,2862132355,Junior Software Engineer (Java) (MUST BE LOCATED IN TULSA OR WILLING TO RELOCATE TO TULSA),Bootup,True,False
2021-12-31 13:45:56,2860028424,Frontend Engineer,CareerWellness,True,True
2021-12-31 13:46:29,2855937818,UX Engineer,Kismet Search,True,True
2021-12-31 13:46:59,2852038949,Full Stack Engineer,Avventis Inc.,True,True
2021-12-31 13:47:31,2850779430,Software Engineer,LightBox,True,True
2021-12-31 13:48:00,2861966902,IoT Research Engineer,WorldLink US,True,False
2021-12-31 13:48:27,2852795323,Software Engineer,"Lucas Group, A Korn Ferry Company",True,True
2021-12-31 13:48:55,2855343167,Java Software Engineer,the interprose corporation,True,False
2021-12-31 13:49:23,2860106304,Platform Integration Engineer,Insight Global,True,False
2021-12-31 13:49:51,2851830343,Software Engineer Team Lead,Bellwood Labs,True,False
2021-12-31 13:50:21,2846582353,iOS Engineer,Startup (in Stealth Mode),True,False
2021-12-31 13:50:54,2858839507,Software Engineer (Fast growing start-up),TeamScaler,True,True
2021-12-31 13:51:24,2852571093,Software Engineer,Thrive Global,True,True
2021-12-31 13:52:02,2859112041,Mobile Engineer,obé Fitness,True,False
2021-12-31 13:53:24,2856613762,"Senior Software Engineer (Mobile, Android)",Nubitz,True,True
2021-12-31 13:53:53,2856747271,Software Engineer (+ Senior/Full-Stack/Principal etc.),ObjectSecurity,True,False
2021-12-31 13:54:21,2855336218,Mobile Software Engineer,UpRoar Technologies,True,False
2021-12-31 13:54:46,2854518428,Founding Engineer (UI/Mobile),Wildkard,True,True
2022-01-01 06:12:39,2856789834,0) Volunteer programmer for a disability mobile game,"Florida Disability Access and Awareness Foundation, Inc",False,False
2022-01-02 12:46:29,2843156705,6) Full Stack Engineer,Storm5,False,False
2022-01-02 12:46:46,2856789834,6) Volunteer programmer for a disability mobile game,"Florida Disability Access and Awareness Foundation, Inc",False,False
2022-01-02 12:47:12,2849176819,6) React Full Stack Developer,OtterBase,False,False
2022-01-02 12:47:28,2858301630,6) Systems/C++ developer,End Point Corporation,False,False
2022-01-02 12:52:53,2862875404,6) Full Stack Engineer,Coterie Insurance,False,False
2022-01-02 12:53:32,2857870449,6) Full Stack Engineer (fully remote),McGaw.io,True,False
2022-01-02 12:54:12,2859828721,6) Full Stack iOS Developer,QPS Employment Group,True,True
2022-01-02 12:54:44,2854872691,6) Full Stack Serverless Engineer - React Node,IGNW,True,True
2022-01-02 12:55:12,2856584628,6) Shopify Full stack developer,Karma and Luck,True,False
2022-01-02 12:55:43,2854838136,6) Web Developer,Servsys Corporation,True,True
2022-01-02 12:57:17,2857204483,6) Full Stack Engineer,Lighthouse,True,True
2022-01-02 12:57:31,2857752996,6) Full Stack Engineer *U.S. Citizenship required*,GeoSearch,False,False
2022-01-02 12:57:59,2857865128,6) Full Stack Java Developer (Virtual / Remote),Immersive Wisdom,True,False
2022-01-02 12:58:35,2848256809,6) Full Stack Engineer,Softrams,True,True
2022-01-02 12:59:01,2843426442,6) Web Developer,Buchanan Tech,True,True
2022-01-02 12:59:27,2858963697,6) Full Stack Engineer,1872 Consulting,True,False
2022-01-02 12:59:58,2853095634,6) Full Stack Engineer,Cloud Integrator Inc,True,True
2022-01-02 13:00:35,2858680628,7) Full Stack Engineer,Hub Recruiting,True,True
2022-01-02 13:01:05,2858637333,6) Full Stack Engineer,Confidential,True,True
2022-01-02 13:01:37,2848654358,6) Full Stack Engineer,Roth Staffing,True,True
2022-01-02 13:02:07,2857327574,6) Full Stack Engineer,MetLife Legal Plans,True,True
2022-01-02 13:02:40,2849413278,6) Full Stack Engineer,Modis,True,True
2022-01-02 13:03:08,2857861375,6) Senior Full Stack Java Developer (Virtual / Remote),Immersive Wisdom,True,False
2022-01-02 13:04:33,2829158145,6) Junior Full Stack Engineer,Brooksource,True,False
2022-01-02 13:05:07,2854882947,6) Web Designer & Developer,Blip,True,True
2022-01-02 13:05:45,2864063911,6) Full-Stack Web Developer (U.S. Residents Only),Alpine Home Air,True,False
2022-01-08 17:14:59,2858727210,4) Database Engineer,Belcan,True,False
2022-01-08 17:15:32,2871561584,"4) Software Engineer I, Blockchain (DeFi)",Rehoboth Associates,True,True
2022-01-08 17:16:07,2869387796,4) Information Technology Engineer,Interactive Resources - iR,True,True
2022-01-08 17:16:25,2849469845,4) Software Engineer,TECHEAD,False,False
2022-01-08 17:16:58,2871942614,4) Mobile Engineer,SafeRide Health,True,False
2022-01-08 17:18:11,2837936854,4) C# Software Engineer,SMCI,True,False
2022-01-08 17:18:43,2835018493,4) Security Engineer,SP6,True,True
2022-01-08 17:20:09,2850557571,4) Software Engineer,Belcan,False,False
2022-01-08 17:20:43,2869062150,4) Embedded Firmware Engineer,AAMP Global,True,True
2022-01-08 17:21:17,2870967316,4) React Native Engineer,PetPocketbook,True,True
2022-01-08 17:22:25,2861820326,4) Production Support Engineer,Apex Systems,True,False
2022-01-08 17:22:53,2867962798,4) Software Engineer,STARLIMS,True,True
2022-01-08 17:23:22,2861636912,4) Application Engineer,Advantage Industrial Automation,True,True
2022-01-08 17:23:52,2721012802,4) Senior Software Engineer,FrankCrum,True,False
2022-01-08 17:24:19,2846422467,4) Cloud Engineer,SMCI,True,False
2022-01-08 17:24:50,2866720709,4) iOS Engineer,MyTime,True,True
2022-01-08 17:25:24,2860886216,4) Consulting Systems Engineer - Media & Entertainment,World Wide Technology,True,False
2022-01-08 17:26:07,2866166995,4) Senior Frontend Engineer,Brand Platform,True,False
2022-01-08 17:26:32,2853785180,4) Sr Cyber Security Engineer,Ashley Furniture Industries,True,True
2022-01-08 17:27:01,2842877278,4) DevOps Engineer,Telepathy Labs,True,False
2022-01-08 17:27:30,2843493091,4) Senior System Software Engineer,Insight Global,True,False
2022-01-08 17:28:00,2824414056,4) Telecommunications Engineer,SRI Tech Solutions Inc.,True,False
2022-01-08 17:40:47,2869341166,4) Assistant Building Engineer,Hays,False,False
2022-01-08 17:54:14,2858830192,6) Senior Full Stack Engineer,HuntSource,False,False
2022-01-08 18:18:45,2824987906,"3) Manager, Full Stack Software Development",PowerFleet Inc.,False,False
2022-01-08 18:19:04,2845006175,3) Full Stack Developer (MERN),StevenDouglas,False,False
2022-01-08 18:19:20,2731865995,3) Full Stack Software Engineer,MiSource,False,False
2022-01-08 18:19:59,2871950547,3) Full Stack Engineer - Front End,SafeRide Health,True,False
2022-01-08 18:20:36,2863198111,3) Full Stack Rails Developer (100% Remote),"Wherefour, Inc.",True,True
2022-01-08 18:20:54,2853744893,3) Full Stack Developer (JavaScript/MySQL),Zyston LLC,False,False
2022-01-08 18:21:10,2798060607,3) Full Stack Developer,Ashley Furniture Industries,False,False
2022-01-08 18:22:44,2871116044,3) Full Stack Engineer - JS,DevRize,True,False
2022-01-08 18:22:58,2859056399,3) NodeJS Developer,MakeSense Software Services,False,False
2022-01-08 18:23:12,2870520724,3) Full Stack Engineer,Confidential,False,False
2022-01-08 18:23:25,2870234266,3) Full Stack Engineer (Mid-Level),Stella Automotive AI,False,False
2022-01-08 18:23:39,2861090333,3) Full Stack Developer Laravel/Wordpress (Remote),Q.Digital,False,False
2022-01-08 18:23:52,2867638559,3) Software Engineer,Finhabits,False,False
2022-01-08 18:24:06,2868031274,3) Full Stack Developer,VerifyToday,False,False
2022-01-08 18:24:20,2869319595,3) Senior Full Stack Engineer,Forward,False,False
2022-01-08 18:24:34,2870569134,3) Full Stack Engineer,"Baja Technologies, Inc.",False,False
2022-01-08 18:24:48,2866592942,3) Full Stack Engineer,Environmental Intelligence Group,False,False
2022-01-08 18:25:04,2869156913,3) Full Stack Engineer,Launch House,False,False
2022-01-08 18:25:19,2867367476,3) GoDaddy Software Engineer,Speak_,False,False
2022-01-08 18:25:34,2865374901,3) Full Stack Engineer (Frontend),Hamsini Computers,False,False
2022-01-08 18:25:48,2867735609,3) UI/UX designer/Developer,Blueciate,False,False
2022-01-08 18:26:02,2870473925,3) Senior Full Stack Engineer,Bellawatt,False,False
2022-01-08 18:26:16,2866534603,3) Lead - Full stack,Vedasoft Inc,False,False
2022-01-08 18:26:34,2862369739,3) Full Stack Engineer,Stack,False,False
2022-01-08 18:26:53,2795984463,3) Full Stack Developer-Lead,Ashley Furniture Industries,False,False
2022-01-08 18:27:09,2864670800,"3) Software Engineer, Lead",lockr,False,False
2022-01-08 18:27:25,2867335121,3) Full Stack Software Development Engineer,Speak_,False,False
2022-01-08 18:27:41,2867254867,3) Software Engineer (B2B)-Remote,"U.S. Bancorp Insurance and Investments, Inc.",False,False
2022-01-08 18:27:55,2861043806,3) Customer Software Support Engineer,Ascend Software,False,False
2022-01-08 18:28:09,2870520805,3) Full Stack Engineer,Confidential,False,False
2022-01-08 18:28:24,2870843512,3) Vue.js w/ Full Stack Developer - 100% REMOTE,OtterBase,False,False
2022-01-08 18:28:38,2860553722,3) Full Stack Engineer,CarBuckets,False,False
2022-01-08 18:29:50,2871534886,3) Java Developer,Webmasters4SEO,False,False
2022-01-08 18:30:05,2779929004,3) Lead Software Engineer,Modern Trials,False,False
2022-01-08 18:30:21,2861425965,3) Full Stack Software Developer,InterProse,False,False
2022-01-08 18:30:35,2870935890,3) Senior Software Engineer,AfterSchool HQ,False,False
2022-01-08 18:30:50,2865110523,"3) Founding Engineer, Full-Stack",Beautyocracy,False,False
2022-01-08 18:31:04,2869070109,3) Sr. Full Stack Developer,US Tech Solutions,False,False
2022-01-08 18:31:18,2862503519,3) Fullstack Node Developer,Raymond Search Group,False,False
2022-01-08 18:32:30,2865315840,3) Software Engineer,Atrilogy Solutions Group,False,False
2022-01-08 18:32:44,2859770754,"3) Full Stack Developer, Lead",Cleantech Group,False,False
2022-01-08 18:32:59,2867327846,3) REMOTE SDET,Insight Global,False,False
2022-01-08 18:33:12,2398180711,3) Java Full Stack developer,WebMobileZ,False,False
2022-01-08 18:33:26,2869790058,3) Full Stack Engineer - NodeJS & Azure,Neutrino Advisory,False,False
2022-01-08 18:33:40,2870813770,3) Sr. Frontend Developer,Taldel,False,False
2022-01-08 18:33:54,2865075853,3) Java Developer UI Full Stack,BridgeNexus Technologies Inc,False,False
2022-01-08 18:35:03,2861005474,3) Full Stack Engineer,Storm5,False,False
2022-01-08 18:35:17,2867692458,3) Full Stack Developer,Premier Group Recruitment,False,False
2022-01-08 18:35:32,2869103053,3) DB/ Backend Developer,Coders Data,False,False
2022-01-08 18:35:46,2870539056,3) Sr. Dev,"ProfitSword, LLC",False,False
2022-01-08 18:36:00,2868067314,3) Senior Full Stack Engineer,Notably,False,False
2022-01-08 18:36:14,2870856052,3) .Net Full Stack Developer - 100% REMOTE,OtterBase,False,False
2022-01-08 18:36:28,2854513690,3) Software Engineer,"Mnemonic, Inc",False,False
2022-01-08 18:37:36,2854584067,3) Technical Co-Founder,FETCH!,False,False
2022-01-08 18:37:50,2827868963,3) Software Engineer,Blue Onion Labs Inc.,False,False
2022-01-08 18:38:03,2862557379,3) PHP Developer,"Delphi-US, LLC",False,False
2022-01-08 18:38:17,2868058288,3) Frontend Developer,Nomadic Learning,False,False
2022-01-08 18:38:31,2859793681,3) Senior Full-Stack Developer,Life Goals Recruiting,False,False
2022-01-08 18:38:46,2867225715,3) Software Engineering Intern (Registry),The Knot Worldwide,False,False
2022-01-08 18:38:59,2851353203,3) Full Stack Engineer,Horizontal Talent,False,False
2022-01-08 18:40:09,2857908039,3) Co-Founder,Visual Demand LLC,False,False
2022-01-08 18:40:22,2871591207,3) Java Developer,KTek Resourcing,False,False
2022-01-08 18:40:37,2848452936,3) Full Stack Developer,A.J.Rowlstone,False,False
2022-01-08 18:40:51,2844549236,3) Full Stack Web Developer,giveback,False,False
2022-01-08 18:41:05,2857866389,3) Principal Engineer & CTO/CPO (Ecommerce),Meegli,False,False
2022-01-08 18:41:18,2863102872,3) Full Stack Engineer,DVBE Connect,False,False
2022-01-08 18:41:32,2869321759,"3) Senior Full Stack Developer AngularJS, Angular, asp.net core- Remote",Tracker Products,False,False
2022-01-08 18:42:47,2860821157,3) Full Stack Engineer,Trilogy International,False,False
2022-01-08 18:43:01,2846340975,3) Full Stack Engineer,Square 6,False,False
2022-01-08 18:43:15,2863184881,3) Full Stack Engineer,Bicycle Health,False,False
2022-01-08 18:43:29,2866244658,3) Full Stack Developer (Angular) - 100% Remote Contract - Immediate Need!!,Integris Group,False,False
2022-01-08 18:43:43,2871286518,3) Senior Software Engineer,The Invention Technology LTD,False,False
2022-01-08 18:43:57,2864689527,3) Mobile Application Developer (XAMARIN) - NO C2C/NO SPONSOR),"Miller & Associates Sourcing Specialists, LLC",False,False
2022-01-08 18:44:11,2861843962,3) Senior Full Stack Engineer,CloudHound,False,False
2022-01-08 18:45:19,2862099247,3) Full Stack Engineer,MK Recruiting,False,False
2022-01-08 18:45:33,2867834130,3) Software Engineer,WeSpire,False,False
2022-01-08 18:45:47,2859058071,3) Senior Full Stack Python,Slashdot Media,False,False
2022-01-08 18:46:01,2865067099,3) .Net Web Developer I,Security Service Federal Credit Union,False,False
2022-01-08 18:46:15,2861352701,3) Software Engineers,Signify Technology,False,False
2022-01-08 18:48:22,2872002656,3) Web Developer,bluedress INTERNET MARKETING,False,False
2022-01-08 18:48:36,2749555109,3) Lead Blockchain Engineer,Concept Art House,False,False
2022-01-08 18:48:51,2806683642,3) Sr. Blockchain Engineer,Sila,False,False
2022-01-08 18:49:05,2803964987,3) Blockchain Engineer (Node.js) - Global Fintech Startup,Crypto.com,False,False
2022-01-08 18:50:15,2870637153,3) Web Developer,Pulse Health,False,False
2022-01-08 18:50:29,2867348619,3) Java-Full-stack software engineer,Full-time,False,False
2022-01-08 18:50:43,2870569134,3) Full Stack Engineer,"Baja Technologies, Inc.",False,False
2022-01-08 18:50:57,2866592942,3) Full Stack Engineer,Environmental Intelligence Group,False,False
2022-01-08 18:51:12,2866782613,3) Crypto Full Stack Developer,Benchmark Protocol,False,False
2022-01-08 18:51:26,2865392375,3) Full Stack Engineer,FNBSE,False,False
2022-01-08 18:51:41,2861738047,3) Full Stack Developer,ViewStub,False,False
2022-01-08 18:52:54,2852596161,3) Full-Stack Web Developer,Zinnia Health,False,False
2022-01-08 18:53:09,2862369739,3) Full Stack Engineer,Stack,False,False
2022-01-08 18:53:23,2866790412,3) Back End Developer,Rang Technologies Inc,False,False
2022-01-08 18:53:37,2869156913,3) Full Stack Engineer,Launch House,False,False
2022-01-08 18:53:51,2867341816,3) Back End Engineer,Rose Recruiters,False,False
2022-01-08 18:54:06,2865110523,"3) Founding Engineer, Full-Stack",Beautyocracy,False,False
2022-01-08 18:54:21,2862503519,3) Fullstack Node Developer,Raymond Search Group,False,False
2022-01-08 18:55:32,2866972968,3) Back End Developer,TechAffinity,False,False
2022-01-08 18:55:46,2869319595,3) Senior Full Stack Engineer,Forward,False,False
2022-01-08 18:56:00,2869103053,3) DB/ Backend Developer,Coders Data,False,False
2022-01-08 18:56:14,2869337360,3) Full Stack Developer,Lighthouse Technology Services,False,False
2022-01-08 18:56:27,2254418737,3) Web Developer,TrūAura,False,False
2022-01-08 18:56:41,2870839703,3) Cryptography Engineer,O(1) Labs,False,False
2022-01-08 18:57:17,2866770075,3) Full Stack Engineer,NerdRabbit,True,True
2022-01-08 18:58:45,2866781313,3) Jr JAVA Backend Engineer,TEKtalent Inc,True,False
2022-01-08 18:59:23,2867693062,3) Full Stack Engineer,Brand Platform,True,False
2022-01-08 18:59:58,2855315725,3) Full Stack Engineer,XL-Data Corp,True,True
2022-01-08 19:00:33,2866727570,3) Software Engineer,X4 Technology,True,True
2022-01-08 19:01:00,2862094999,3) Java Full Stack Developer,Proiasys Inc,True,True
2022-01-08 19:01:27,2867364638,3) Full Stack Developer,TEKWISSEN ®,True,True
2022-01-08 19:32:53,2866106662,3) Full Stack Engineer,CovalentCreative,True,True
2022-01-09 07:38:45,2869318021,5) Full Stack Developer,BirchNotes,False,False
2025-05-12 18:27:08,4228520961,5) Mobile Application Developer Intern,narb,False,False
2025-05-12 18:31:08,4223630497,5) Frontend Developer,Insight Global,False,False
2025-05-12 18:35:17,4220027845,6) Blockchain Developer,Plexus Resource Solutions,False,False
2025-05-12 18:49:24,4220224802,5) React Typescript Frontend Engineer,ASK Consulting,True,True
2025-05-12 18:50:26,4218864260,"5) Senior Full Stack Engineer, Valuetainment",Valuetainment,True,True
2025-05-12 18:51:07,4226521353,5) Full Stack Engineer,Primis,True,True
2025-05-12 18:51:42,4220230442,5) Full Stack Engineer,ASK Consulting,True,True
2025-05-12 18:52:23,4211004087,5) Senior Web Developer,Seneca Resources,True,True
2025-05-12 18:53:15,4225898040,5) Full Stack Engineer,Odin AI,True,True
2025-05-12 18:53:48,4205322041,5) Senior Full-Stack Engineer (NodeJS/Angular),Kforce Inc,True,True
2025-05-12 18:59:33,4208582690,5) Software Engineer- React/Typescript,CyberCoders,True,True
2025-05-12 19:00:18,4219875523,5) Specialty Developer,Westinghouse Electric Company,True,True
2025-05-12 19:00:52,4226519594,5) Technical Product Marketer (AI Engineer Ecosystem & Growth),AIxBlock,True,True
2025-05-12 19:01:29,4226505331,5) Account Executive (Entry Level),Jeffrey Agency,True,True
2025-05-12 19:02:12,4226516983,5) AI Workflow Development,OBR Partners LLC,True,True
2025-05-12 19:02:54,4228498010,5) React Native Developer,Kodeva LLC,True,True
2025-05-12 19:03:29,4228412187,5) Senior Full‑Stack Software Engineer (NodeJS/TypeScript/AI),House Numbers,True,True
2025-05-12 19:05:12,4225678402,5) Ataccama Engineer,Mastech Digital,True,True
2025-05-12 19:06:44,4226506152,5) Intern,The Lantern Network,True,True
2025-05-12 19:07:28,4226235537,5) AWS Solution Architect,Yochana,True,True
2025-05-12 19:08:58,4228537876,5) Specialty Developer,Hydrogen Group,True,True
2025-05-12 19:09:12,4221461044,5) Sales-CX AI Intern,"Customer Echoes, Inc.",False,False
2025-05-12 19:09:26,4226514934,5) Partnerships Manager (TikTok Shop),Dimond Connect,False,False
2025-05-12 19:11:32,4226522457,5) Quality Reviewer – Remote Position (Part Time),EXL,True,True
2025-05-12 19:13:08,4228541784,5) Marketing & Content Creation Intern,Novelty,True,True
2025-05-12 19:14:29,4226293007,5) Sales Representative,Vertigo Real Estate Ventures LLC,True,True
2025-05-12 19:21:17,4215019427,5) Full Stack Web Applications System Engineer,Harnham,True,True
2025-05-12 19:21:58,4228539367,5) Full Stack Engineer,Motion Recruitment,True,True
2025-05-12 19:23:02,4209780329,5) Full Stack Engineer,Insight Global,True,True
2025-05-12 19:23:32,4219957871,"5) Full Stack Engineer - TypeScript, React, Node",CyberCoders,True,True
2025-05-12 19:24:08,3837844280,5) Senior Full Stack Engineer,TALENT Software Services,True,True
2025-05-12 19:24:40,4220429883,5) AI Full Stack Engineer,CitiusTech,True,True
2025-05-12 19:25:15,4221351039,5) Full Stack Engineer,Key Technology,True,True
2025-05-12 19:26:46,4144920771,"5) Full Stack Engineer - SWE II (Guide, PC)",Included Health,True,True
2025-05-12 19:27:41,4188253252,5) Full Stack Software Engineer,Harnham,True,True
2025-05-12 19:28:19,4157838256,5) Full Stack Software Engineer,Accelerant,True,True
2025-05-12 19:28:49,4178062705,5) Full-Stack API Interface Engineer (Remote) – 4453,HIRECLOUT,True,True
2025-05-12 19:29:27,4221744631,5) Full Stack Engineer,HireTalent - Staffing & Recruiting Firm,True,True
2025-05-12 19:30:01,4209806748,5) Senior Full Stack + Mobile Engineer,Alexander Chapman,True,True
2025-05-12 19:31:40,4211125629,5) Full Stack Engineer/Developer,LMK Recruiting Solutions,True,True
2025-05-12 19:33:11,4142865314,5) Full Stack Engineer,Perfect Harvest,True,True
2025-05-12 19:36:18,4214253347,5) Full Stack Engineer,Acceler8 Talent,True,True
2025-05-12 19:36:55,4228448362,5) Full Stack Engineer,Global Applications Solution,True,True
2025-05-12 19:39:52,4225316523,5) Senior Full Stack Engineer,Reebelo,True,True
2025-05-12 19:40:28,4220094929,5) Full Stack Engineer,X4 Life Sciences,True,True
2025-05-12 19:56:28,4215140290,5) Lead Front-End Engineer,Averity,True,True
2025-05-12 19:57:07,4217365890,5) Founding Engineer,Glocap Tech,True,True
2025-05-12 19:57:43,4219190470,5) Full Stack Founding Engineer,TEQ SEARCH,True,True
2025-05-12 19:58:37,4225671623,5) Software Engineer,Morpheus Talent Solutions,True,True
2025-05-12 19:59:14,4197410376,5) Staff Mobile Engineer (React Native),Seer,True,True
2025-05-12 19:59:49,4209817556,5) Full Stack Engineer - High Frequency Trading,NJF Global Holdings Ltd,True,True
2025-05-12 20:00:23,4216771831,5) Full Stack Engineer,Reku,True,True
2025-05-12 20:08:23,4226031905,5) AI Engineer,Vibe Studio,False,False
2025-05-12 20:08:38,4215424205,5) Senior Back End Software Engineer,Handtevy,False,False
2025-05-12 20:08:52,4226547029,5) Full Stack Engineer,Insight Global,False,False
2025-05-12 20:09:06,4190380087,5) Blockchain DevRel Engineer,Metrics Recruitment,False,False
2025-05-12 20:09:20,4216156026,5) Senior Full Stack Engineer (Web3),Ada Meher,False,False
2025-05-12 20:11:23,4120140235,5) Senior Frontend Engineer,Edia,False,False
2025-05-12 20:14:50,4219678976,5) Full Stack Engineer,Workgrounds,False,False
2025-05-12 20:30:26,4224709891,5) Senior Front-End Engineer (Remote),Income Discovery,True,False
2025-05-12 20:31:10,4156894724,"5) Mid/Senior Software Engineer, React & AI",Stackpack,True,False
2025-05-12 20:34:19,4219902441,5) Founding ML & Backend Engineer,Episodic,True,False
2025-05-12 20:36:42,4225043972,5) Full Stack Engineer - Unity Video Games,Nerd Ninjas,True,False
2025-05-12 20:41:49,4226519035,5) Full Stack Engineer,FutureTech Recruitment,True,False
2025-05-12 20:49:48,4226005217,5) Argo Developer,LTIMindtree,True,True
2025-05-12 20:50:32,4219691951,"5) Backend Engineer, Solana",Trojan Trading,True,True
2025-05-12 20:51:09,4076732783,5) 🔥 Senior TypeScript Engineer - AWS Serverless,Returned.com,True,True
2025-05-12 20:52:21,4228582550,5) Principal Software Engineer,Experian,True,True
2025-05-12 20:53:34,4226522365,5) Zscaler Technical Engineer,Thinkof,True,True
2025-05-12 20:54:51,4228474782,5) Developer Advocate,CelerData,True,True
2025-05-12 20:58:14,4228530871,5) Technical Sales Engineer - US/Canada,Teramind,True,True
2025-05-12 20:58:43,4226006943,5) Software Engineer - Up to $130k + Bonus + Package,Hunter Bond,True,True
2025-05-12 21:00:37,4222680672,5) Go Blockchain Engineer - Contract,Oliver Bernard,True,True
2025-05-12 21:02:01,4190183951,5) Senior Solana Developer - Blockchain team,Crypto.com,True,True
2025-05-12 21:03:38,4183964092,5) Sr. Rust Smart Contract Developer (Financial Applications),Taoshi,True,True
2025-05-12 21:05:03,4226514656,5) Software Engineer Entry-Level,Xelovate,True,True
2025-05-12 21:08:53,4226387116,5) Software Sales Executive,Alpha Bravo Development,True,True
2025-05-12 21:09:30,4208074445,5) Business Development Consultant,InterEx Group,True,True
2025-05-12 21:10:35,4203318190,5) Beauty Product Specialist,Endospheres®,True,True
2025-05-12 21:12:06,4206513496,5) Full Stack Software Engineer,Selby Jennings,True,True
2025-05-12 21:16:11,4226523592,5) Engineering or Design Intern,StartHub,True,True
2025-05-12 21:17:09,4176568041,5) Instagram DM Outreach Specialist,Mawer Capital,True,True
2025-05-12 21:18:01,4213575986,5) Innovation Technology Manager,Norwegian Cruise Line Holdings Ltd.,True,True
